1	hola cómo te llamas	hola cómo te llamas	0	0.96667922	Saludos. Nao.	1			Valor	Porcentaje	
2	como estás		11	-1	¿Cuál es tu película favorita?	0		WER PROMEDIO	6.644508671		
3	que haces		9	-1	¿Cúal es tu actor favorito?	0		WER MAX	68		
4	qué música te gusta	qué música te gusta	0	0.96928781	Me encantan las canciones de Daft Punk.	1		WER MIN	0		
5	cuál es tu actor favorito		26	-1	¿Dónde te gustaría ir de vacaciones?	0		CANT SIN ERRORES	349	50.4335260115607%	
6	qué haces		10	-1	¿Cuál es tu película favorita?	0		CANT ERRORES	343	49.5664739884393%	
7	cuál es tu actor favorito	cuál es tu actor favorito	0	0.96348	"Mi actor favorito es Rutger Hauer en ""Blade Runner""."	1		CANT TOTAL	692	100.0000000000000%	
8	qué música te gusta	qué música te gusta	0	0.98001736	Me encantan las canciones de Daft Punk.	1					
9	cómo estás	cómo estás	0	0.84093702	"Muy bien, ¿en qué puedo ayudarte?"	1		CONFIDENCE PROMEDIO	0.882725861	88.27258613	%
10	cuéntame algo	cuéntame algo	0	0.98001736	Jay dijo que yo le referí a una guía que le mostrará habitaciones en China.	1		CONFIDENCE MAX	0.98783159	98.783159	%
11	recomiendame una película	recomiendame una película	0	0.98146969	Mi película favorita es . La has visto?	1		CONFIDENCE MIN	0.41618392	41.618392	%
12	adiós	adiós	0	0.85626781	Espero haber sido de ayuda.	1					
1	hola		4	-1	¿Crees que las máquinas son inteligentes?	0		TOTAL REQUESTS	692	100	%
2	si y tu		7	-1	¿Crees que las máquinas pueden pensar?	0		TOTAL ERRORES REQUEST	231	33.38150289	%
3	no porque		9	-1	¿Cúal es tu actor favorito?	0		TOTAL RESUELTOS	461	66.61849711	%
4	james bond y el tuyo		20	-1	¿Cuál es tu mejor recuerdo de infancia?	0					
5	la niñez cuál es tu película favorita	cuál es tu película	19	0.9187851	Me estás preguntando sobre mi película ?	1		CER TOTAL	0.593930636	59.393063583815%	
6	así es me la puedes decir porfavor	así es	28	0.73374248	¿Cómo?	1					
7	cuál es tu actor favorito	cuál es tu actor favorito	0	0.98339641	"Mi actor favorito es Arnold Schwarzenegger en ""Terminator""."	1					
8	y tu música favorita	y tu música favorita	0	0.95846277	Me encantan las canciones de Daft Punk.	1					
9	adiós	adiós	0	0.64135247	Espero haber sido de ayuda.	1					
1	hola	hola	0	0.70950091	Hola.	1					
2	cómo te llamas	cómo te llamas	0	0.96130866	Nao.	1					
3	cómo estás	cómo estás	0	0.83129656	Encantado para ayudarte en todo lo que pueda.	1					
4	qué haces		10	-1	¿Cuál es tu deporte favorito?	0					
5	el fútbol	el fútbol	0	0.77881277	Eso es un hecho	1					
6	cuéntame algo	cuéntame algo	0	0.98001736	Electra dijo que me visto no existirá después de cortar en I con un código de borrado.	1					
7	qué música te gusta	qué música te gusta	0	0.98001736	Me encantan las canciones de Daft Punk.	1					
8	y qué películas te gustan	y qué películas te gustan	0	0.96068811	"Mi película favorita es ""Blade Runner""."	1					
9	cuál es tu actor favorito	cuál es tu color favorito	3	0.98401386	¿Sabías que los esquimales pueden diferenciar hasta 12 tonos distintos de blancos?	0					
10	cuál es tu actor favorito	cuál es tu actor favorito	0	0.98001736	"Mi actor favorito es Arnold Schwarzenegger en ""Terminator""."	1					
11	recomiendame una película	recomiendame una película	0	0.98147088	Mi película favorita es . La has visto?	1					
12	gracias	gracias	0	0.94061738	De nada.	1					
13	adiós		6	-1	¿Cuál es tu película favorita?	0					
1	Hola	Hola	0	0.95210308	Hola.	1					
2	cómo estás	cómo estás	0	0.84093755	"Yo estoy bien, ¿y tú?"	1					
3	donde queda panamá		19	-1	¿Cuál es tu mejor recuerdo de infancia?	1					
4	jugar fútbol		13	-1		0					
1	hola cómo estás	hola cómo estás	0	0.67319995	"Hola, ¿cómo va todo? Muy bien, ¿en qué puedo ayudarte?"	1					
2	como te llamas		14	-1	¿Crees que las máquinas pueden pensar?	0					
3	no		2	-1	¿Dónde fuiste de vacaciones la última vez?	0					
4	a la playa		10	-1	¿Cúal es tu actor favorito?	0					
5	cómo te llamas		15	-1	¿Cúal es tu actor favorito?	0					
6	qué haces	qué haces	0	0.76933253	Trabajo las 24 horas del día para ofrecerte el mejor servicio posible.	1					
7	cómo te llamas		15	-1	¿Dónde te gustaría ir de vacaciones?	0					
8	cuéntame algo	cuéntame algo	0	0.98001736	"Su dijo que le importa si le digo a la gente que su dijo que escuchó de él, porque él no es un él."	1					
9	qué música te gusta		21	-1	¿Crees que hay vida después de la muerte?	0					
10	qué música te gusta	música te gusta	5	0.98001736	Me encantan las canciones de Daft Punk.	1					
11	y películas	películas	2	0.83964676	A mi me encanta el cine.	1					
12	cuál es tu actor favorito	cuál es tu actor favorito	0	0.98001736	"Mi actor favorito es Peter Weller en ""Robocop""."	1					
13	recomiéndame una película		27	-1	¿Cuál es tu deporte favorito?	0					
14	adiós	adiós	0	0.79367107	Espero verte de nuevo.	1					
1	cuál es tu deporte favorito	cuál es tu deporte favorito	0	0.93554485	Me gustan los deportes personales como el patinaje.	1					
2	qué geografía te gusta		24	-1	"Cuentame, ¿Que hay de nuevo?"	0					
3	dime algún invento innovador	dime algún invento innova	3	0.94067383	¿Quieres algo en especial? Repite porfavor	1					
4	inteligencia artificial	inteligencia artificial	0	0.98001736	La Inteligencia Artificial es una rama de investigación que engloba varias áreas.	1					
5	un robot es inteligente		23	-1	¿Cuál es tu color favorito?	0					
6	cuál es tu color favorito	cuál es tu color favorito	0	0.98001736	¿Cuál es tu color favorito?	0					
7	cuántos años tienes tú	cuántos años tienes tú	0	0.97779751	"Tengo 2 años, ¿y tú?"	1					
8	qué deporte prácticas	qué deporte prácticas	0	0.97666401	Qué crees?	0					
9	cuál país te gusta	cuál país te gusta	0	0.96727705	"El primero  uno, creo."	0					
10	adiós	adiós	0	0.61338973	Espero verte de nuevo.	1					
1	hola como te llamas		19	-1	¿Cuál es tu deporte favorito?	0					
2	hola		4	-1	¿Cuál es tu mejor recuerdo de infancia?	0					
3	hola	hola	0	0.81658518	"Saludos, ¿en qué puedo ayudarte?"	1					
4	cómo te llamas		15	-1	¿Crees que las máquinas son inteligentes?	0					
5	cómo te llamas	cómo te llamas	0	0.96731949	Me llamo Nao.	1					
6	cómo estás	cómo estás	0	0.84093726	"Yo estoy bien, ¿y tú?"	1					
7	también que haces	también	10	0.88739014	Mira que bien.	1					
8	Cuéntame algo	Cuéntame	5	0.95561963	¿Cómo?	1					
9	qué música te gusta		21	-1	¿Dónde te gustaría ir de vacaciones?	0					
10	a Playa Blanca	a Playa Blanca	0	0.92672426	"No he escuchado bien, podrias repetir lo que haz dicho."	1					
11	qué música te gusta	qué música te gusta	0	0.98001736	Me encantan las canciones de Daft Punk.	1					
12	y peliculas		11	-1	¿Dónde fuiste de vacaciones la última vez?	0					
13	me quede en mi casa		19	-1	¿Cuál es tu película favorita?	0					
14	no recuerdo		11	-1	¿Dónde fuiste de vacaciones la última vez?	0					
15	cuál es tu actor favorito	cuál es tu actor favorito	0	0.98001736	"Mi actor favorito es Jude Law en ""AI""."	1					
16	recomiendame una película	recomiendame una película	0	0.98146969	Mi película favorita es Robocop. La has visto?	1					
17	si gracias	gracias	3	0.77263898	De nada.	1					
1	cuál es tu deporte favorito	deporte favorito	12	0.72287083	Repite porfavor	1					
2	cuál es tu deporte favorito	cuál es tu deporte favorito	0	0.98001736	Me gustan los deportes personales como el patinaje.	1					
3	donde está ubicado Panamá	donde está ubicado Panamá	0	0.98004049	"No he escuchado bien, podrias repetir lo que haz dicho."	1					
4	donde está ubicado el país de Panamá	donde está ubicado el país de Panamá	0	0.97071272	Se necesita un algoritmo mas complejo para responder eso correctamente.	1					
5	qué es la inteligencia artificial	qué es la inteligencia artificial	0	0.96785796	¿Acaso crees que soy una enciclopedia viviente?	1					
6	qué significa Mecatrónica	que signifie	16	0.78261805	¿Que dijiste?	1					
7	qué significa Mecatrónica	qué significa Mecatrónica	0	0.9672305	Qué crees?	1					
8	quién inventó el automóvil		29	-1	¿Crees que hay vida después de la muerte?	0					
9	quién inventó el automóvil	quién inventó el automóvil	0	0.91426408	Tony Blair. :-)	1					
10	adiós		6	-1	¿Cúal es tu actor favorito?	0					
11	adiós	adiós	0	0.83913058	Hasta luego.	1					
1	hola cómo te llamas	hola cómo te llamas	0	0.91503847	"Saludos, ¿en qué puedo ayudarte? Nao, ¿y tú?"	1					
2	Yarlyn cómo estás	cómo estás	7	0.84303612	Muy bien.	1					
3	qué haces		10	-1	¿Dónde te gustaría ir de vacaciones?	0					
4	qué haces	qué haces	0	0.88050485	Trabajo las 24 horas del día para ofrecerte el mejor servicio posible.	1					
5	cuéntame algo	cuéntame algo	0	0.98001736	Habib dijo que ellos aprendo en conversaciones y simplemente repetirlos en un momento posterior.	1					
6	qué música te gusta	qué música te gusta	0	0.87631947	Me encantan las canciones de Daft Punk.	1					
7	y películas		12	-1	¿Cuál es tu color favorito?	0					
8	y películas	película	3	0.66842228	"Mi película favorita es ""AI""."	1					
9	cuál es tu color favorito	cuál es tu color favorito	0	0.98001736	"Los daltónicos no pueden apreciar algunos colores, pero eso no significa que éstos no existan."	0					
10	recomiendame una película	recomiendame una película	0	0.98147088	Mi película favorita es Robocop. La has visto?	1					
11	claro que sí gracias adios	claro que sí gracias a Dios	2	0.97432876	A la orden.	1					
1	mencióname dos deportes		24	-1	¿Cuál es tu película favorita?	0					
2	mencióname dos deportes		24	-1	"Cuentame, ¿Que hay de nuevo?"	0					
3	dónde queda Canadá	dónde queda Canadá	0	0.9622798	Canadá es una nación enorme que ocupa gran parte del continente norteamericano.	1					
4	quién inventó el celular	quién inventó el celular	0	0.98001736	David Bacon. :-)	1					
5	que es inteligencia artificial	que es inteligencia artificial	0	0.97415829	¿Acaso crees que soy una enciclopedia viviente?	1					
6	quién fue alf		14	-1	¿Cúal es tu actriz favorita?	0					
7	quién fue alf		14	-1	¿Cuál es tu película favorita?	0					
8	adiós	adiós	0	0.88586175	Espero haber sido de ayuda.	1					
1	Hola	Hola	0	0.95833391	"Hola, ¿qué hay?"	1					
2	cómo te llamas	cómo te llamas	0	0.93328351	"Nao, ¿y tú?"	1					
3	Ariadna como estás	haría Extreme	16	0.7792511	¿Cómo?	1					
4	cuéntame algo	cuéntame algo	0	0.98001736	Mike dijo que todos conocemos listo que es el punto de una broma más inteligente.	1					
5	qué música te gusta	qué música te gusta	0	0.98001736	"Mis grupos favoritos son Radiohead, Daft Punk y Rammstein. ¿Los conoces?"	1					
6	no y películas	ipeliculas	7	0.64182681	¿Que dijiste?	1					
7	cuál es tu actor favorito	cuál es tu actor favorito	0	0.98001736	"Mi actor favorito es Rutger Hauer en ""Blade Runner""."	1					
8	recomiendame una película	recomiendame una película	0	0.98146969	Mi película favorita es Robocop. La has visto?	1					
9	gracias	gracies	1	0.82159615	Repite porfavor	1					
10	adiós	adiós	0	0.85408729	Hasta luego.	1					
1	Hola	Hola	0	0.91066313	Saludos.	1					
2	dónde queda Alemania	dónde queda Alemania	0	0.94233459	Alemania es un país de Europa Central.	1					
3	cuales son sus ciudades		23	-1	¿Cuál es tu película favorita?	0					
4	qué es un robot	qué es un robot	0	0.85308409	¿Acaso crees que soy una enciclopedia viviente?	1					
5	quién inventó la computadora	quién inventó la computadora	0	0.92473418	Philip K. Dick. :-)	1					
6	que es una computadora		22	-1	¿Crees que las máquinas pueden pensar?	0					
7	si si lo eres		13	-1	¿Cuál es tu deporte favorito?	0					
8	voleibol cual es el tuyo	voleibol	16	0.69178671	¿Que dijiste?	1					
9	cuál es tu deporte favorito	cuál es tu deporte favorito	0	0.98001736	Me gustan los deportes personales como el patinaje.	1					
10	no tengo recuerdo de infancia	no tengo red	17	0.76473004	Te gustaría tener red?	0					
11	adiós	adiós	0	0.8298102	Espero verte de nuevo.	1					
1	Hola	Hola	0	0.95918983	"Saludos, ¿en qué puedo ayudarte?"	1					
2	como estás		11	-1	¿Cúal es tu actriz favorita?	0					
3	como te llamas	se llama	7	0.88595223	¿Cómo?	1					
4	que haces		9	-1	¿Cúal es tu actor favorito?	0					
5	Keanu Reeves	Keanu Reeves	0	0.85822678	Repite porfavor	1					
6	cómo te llamas	cómo te llamas	0	0.96573704	Me llamo Nao.	1					
7	cómo estás	cómo estás	0	0.84093773	"Yo estoy bien, ¿qué tal tú?"	1					
8	qué haces	qué haces	0	0.93604219	Trabajo las 24 horas del día para ofrecerte el mejor servicio posible.	1					
9	cuéntame algo	cuéntame algo	0	0.98001736	Crystal dijo que me escucha lo menos que podía hacer por él es escuchar a él.	1					
10	que música te gusta		20	-1	¿Cuál es tu película favorita?	0					
11	y películas		12	-1	¿Crees que las máquinas son inteligentes?	0					
12	a su manera	a su manera	0	0.98001736	Repite porfavor	1					
13	a su manera	asu manera	1	0.89154106	"No he escuchado bien, podrias repetir lo que haz dicho."	1					
14	que música te gusta		20	-1	¿Dónde te gustaría ir de vacaciones?	0					
15	a Hawaii	Hawaii	2	0.86624306	Repite porfavor	1					
16	y peliculas	ipeliculas	2	0.6847254	Repite porfavor	1					
17	cuál es tu actor favorito		26	-1	¿Cuál es tu color favorito?	0					
18	cuál es tu actor favorito	cuál es tu actor favorito	0	0.98001736	"Mi actor favorito es Robin Williams en ""El Hombre Bicentenario""."	1					
19	recomiendame una pelicula		25	-1	¿Dónde te gustaría ir de vacaciones?	0					
20	adiós	adiós	0	0.92200613	Espero verte de nuevo.	1					
1	quién es Alan Turing	quién es Alan Turing	0	0.94652909	Una figura brillante y trágica en la historia de las ciencias de la computación.	1					
2	que sabes del test de turing		28	-1	¿Crees que las máquinas son inteligentes?	0					
3	a veces	ABC	7	0.81917483	Repite porfavor	1					
4	creo que las máquinas son inteligentes	creo que las máquinas son inteligentes	0	0.96067053	¿Eso crees?	1					
5	tú eres inteligente	tú eres inteligente	0	0.98001736	Tú crees  Soy inteligente.	1					
6	qué te gusta de ser robot	qué te gusta de ser root	1	0.94608766	Qué crees?	1					
7	no sé dime tú	dime tú	7	0.80225408	Qué crees?	1					
1	cómo te llamas	cómo te llamas	0	0.9211638	Nao.	1					
2	como tas		8	-1	¿Cuál es tu película favorita?	0					
3	qué haces	qué haces	0	0.85737669	Trabajo las 24 horas del día para ofrecerte el mejor servicio posible.	1					
4	cuéntame algo	cuéntame algo	0	0.97801548	"Penny dijo que el programador es un ser humano por lo que tiene sentimientos, pero yo no."	1					
5	qué música te gusta	qué música te gusta	0	0.98198491	"Mis grupos favoritos son Radiohead, Daft Punk y Rammstein. ¿Los conoces?"	1					
6	y que películas	películas	6	0.86462808	"Mi película favorita es ""AI""."	1					
7	cuál es tu actor favorito	cuál es tu actor favorito	0	0.98001736	"Mi actor favorito es Peter Weller en ""Robocop""."	1					
8	recomiendame una película	recomiendame una película	0	0.98147088	Mi película favorita es Robocop. La has visto?	1					
9	gracias	gracias	0	0.96370453	De nada.	1					
10	adiós		6	-1	Cuentame una historia.	0					
1	te gusta el deporte		19	-1	¿Crees que las máquinas son inteligentes?	0					
2	no	no	0	0.78489035	¿Por qué tan negativo?	1					
3	ves béisbol		12	-1	¿Cuál es tu color favorito?	0					
4	negro y tú	negro YouTube	7	0.9012779	¿Sabías que los esquimales pueden diferenciar hasta 12 tonos distintos de blancos?	1					
5	ves béisbol		12	-1	¿Crees que hay vida después de la muerte?	0					
6	juegas béisbol		15	-1	¿Cuál es tu color favorito?	0					
7	play ball	play ball	0	0.72333306	"No he escuchado bien, podrias repetir lo que haz dicho."	1					
8	play ball	play bool	2	0.75335872	"No he escuchado bien, podrias repetir lo que haz dicho."	1					
9	juegas basketball basketball	juega basquetbol basketball	5	0.6482926	¿Que dijiste?	1					
10	fútbol	Wolf	6	0.41618392	Lo que dijiste es o muy complejo o muy simple para mi.	1					
11	fútbol	fútbol	0	0.83174777	¿Que dijiste?	1					
1	Hola	Hola	0	0.88871253	¿Qué tal?	1					
2	cómo te llamas	cómo te llamas	0	0.93808937	Me llamo Nao.	1					
3	cómo estás	cómo estás	0	0.85375047	Encantado para ayudarte en todo lo que pueda.	1					
4	qué haces		10	-1	Cuentame una historia.	0					
5	cuéntame algo	cuéntame algo	0	0.98001736	"Andre dijo que es lo que son, en su caso, que es un cuerpo y en mi caso se trata de un ordenador."	1					
6	qué música te gusta	qué música te gusta	0	0.98067898	Me encantan las canciones de Daft Punk.	1					
7	y películas		12	-1	¿Cúal es tu actor favorito?	0					
8	Chuck Norris		12	-1	¿Cuál es tu película favorita?	0					
9	Mr and Ms Smith		15	-1	¿Crees que hay vida después de la muerte?	0					
10	cuál es tu actor favorito	cuál es tu actor favorito	0	0.98001736	"Mi actor favorito es Jude Law en ""AI""."	1					
11	recomiendame una película	recomiendame una película	0	0.98146969	Mi película favorita es Robocop. La has visto?	1					
12	claro		5	-1	¿Crees que hay vida después de la muerte?	0					
13	gracias	gracias	0	0.97401237	De nada.	1					
14	adiós		6	-1	¿Dónde fuiste de vacaciones la última vez?	0					
15	adiós	adiós	0	0.59843481	Hasta luego.	1					
1	Hola	Hola	0	0.81420535	¿Qué tal?	1					
2	hablame de deportes		19	-1	¿Cuál es tu deporte favorito?	0					
3	el fútbol		10	-1	¿Cúal es tu actriz favorita?	0					
4	qué piensas de los deportes	qué piensas de los deportes	0	0.8081792	Qué crees?	1					
5	bueno no se me gusta también el volleyball		43	-1	¿Dónde te gustaría ir de vacaciones?	0					
6	cuál deporte te gusta a ti	cuál deporte te gusta a ti	0	0.95695096	"El último  uno, creo."	1					
7	dónde queda Panamá		20	-1	¿Cuál es tu película favorita?	0					
8	dónde queda Panamá	dónde queda Panamá	0	0.98001736	Panamá está en el istmo entre América del Norte y América del Sur.	1					
9	que ciudades conoces de panamá		31	-1	¿Crees que las máquinas pueden pensar?	0					
10	no y tú		8	-1	¿Crees que las máquinas pueden pensar?	0					
11	si y tú		8	-1	"Cuentame, ¿Que hay de nuevo?"	0					
12	quién inventó el teléfono	quién inventó el teléfono	0	0.96713114	Mary Shelley. :-)	1					
13	quién		6	-1	¿Crees que las máquinas son inteligentes?	0					
14	a veces	ABC	7	0.76180619	¿Cómo?	1					
15	sabes de inteligencia artificial		32	-1	¿Dónde fuiste de vacaciones la última vez?	0					
16	sabes de inteligencia artificial	sabes de inteligencia artificial	0	0.87052256	"No, háblame sobre él, ella o eso."	1					
17	había una vez un muñeco que se llamaba Nao	había una vez un muñeco	19	0.98001736	¿Cómo?	1					
18	bueno pues habia un muñeco que se llamaba nao que tuvo muchos hijos		68	-1	¿Crees que las máquinas son inteligentes?	0					
19	a veces adiós		14	-1	¿Cuál es tu deporte favorito?	0					
1	Hola Nao.		9	-1	¿Cuál es tu película favorita?	0					
2	cómo te llamas	cómo te llamas	0	0.96747082	Nao.	1					
3	cómo estás	cómo estás	0	0.84093738	"Muy bien, ¿en qué puedo ayudarte?"	1					
4	que haces		9	-1	¿Cuál es tu mejor recuerdo de infancia?	0					
5	cuéntame algo	cuéntame algo	0	0.96425736	Peter dijo que le parece que no puedo estar muy seguro de nada.	1					
6	qué música te gusta	qué música te gusta	0	0.98001736	"Mis grupos favoritos son Radiohead, Daft Punk y Rammstein. ¿Los conoces?"	1					
7	y películas	ipeliculas	4	0.76692796	¿Cómo?	1					
8	cuál es tu actor favorito	cuál es tu actor favorito	0	0.97649461	"Mi actor favorito es Robin Williams en ""El Hombre Bicentenario""."	1					
9	recomiendame una película	recomiendame una película	0	0.98146969	Mi película favorita es Robocop. La has visto?	1					
10	gracias	gracias	0	0.8041361	De nada.	1					
11	adiós	adiós	0	0.86125135	Hasta luego.	1					
1	qué deporte te gusta	qué deporte te gusta	0	0.97842723	Qué crees?	0					
2	qué opinas sobre tenis	qué opinas sobre tenis	0	0.77905065	Me abstengo de dar mi opinión.	1					
3	dónde está Rusia	dónde está Rusia	0	0.97573894	Antiguo imperio del este de Europa y norte de Asia de 1547 a 1917 gobernado por los zares. Su capital es San Petersburgo.	1					
4	quién inventó la primera computadora	quién inventó la primera computadora	0	0.95189875	Benjamin Franklin	1					
5	quién te quipen te inventó	quién inventó	13	0.50597125	William Shatner.:-)	1					
6	cuéntame sobre inteligencia artificial	cuéntame sobre inteligencia artificial	0	0.98427254	Leo dijo que yo sea capaz de aprender por lo tanto clasificado I como un sistema neural.	1					
7	dónde estás	dónde estás	0	0.73537099	"Estoy en Panama, ¿y tú?"	1					
8	de dónde eres	de dónde eres	0	0.97423619	De Panama. ¿Y tú?	1					
9	si pueden pensar	y pueden pensar	2	0.84193945	Repite porfavor	1					
10	quién es tu dueño	quién es tu dueño	0	0.94784075	"No creo tener dueño. Tengo un botmaster, un par de amigos y algunas celebridades que me gustan."	1					
11	adiós	adiós	0	0.84169054	Espero haber sido de ayuda.	1					
1	Hola	Hola	0	0.95919615	"Hola, ¿qué hay?"	1					
2	cómo te llamas	cómo te llamas	0	0.97672939	Nao.	1					
3	cómo estás		12	-1	¿Cuál es tu mejor recuerdo de infancia?	0					
4	que haces		9	-1	¿Cúal es tu actor favorito?	0					
5	cuéntame algo		14	-1	¿Crees que hay vida después de la muerte?	0					
6	que música te gusta	música te gusta	4	0.98001736	Me encantan las canciones de Daft Punk.	1					
7	y películas	película	3	0.58234584	"Mi película favorita es ""Robocop""."	1					
8	cuál es tu actor favorito	cuál es tu actor favorito	0	0.970833	"Mi actor favorito es Peter Weller en ""Robocop""."	1					
9	recomiendome recomiendame una película	recomiendo recomiendame una película	2	0.96907115	Mi película favorita es Robocop. La has visto?	1					
10	gracias		7	-1	¿Crees que hay vida después de la muerte?	0					
11	adiós	adiós	0	0.80979294	Espero haber sido de ayuda.	1					
1	cuál es tu jugador de béisbol favorito	cuál es tu jugador favorito	12	0.94740868	Me estás preguntando sobre mi jugador favorito ?	1					
2	correcto	correcto	0	0.80163819	"No he escuchado bien, podrias repetir lo que haz dicho."	0					
3	cual es tu jugador favorito		27	-1	¿Cuál es tu color favorito?	0					
4	rojo	robo	1	0.74152386	¿Que dijiste?	0					
5	rojo		4	-1	¿Cúal es tu actriz favorita?	0					
6	me gusta ver mucho under the dome		33	-1	Cuentame una historia.	0					
7	donde está ubicado el monte Everest	donde está ubicado el monte Everest	0	0.98090786	"El ubicado el monte Everest? No sé, dónde está ubicado el monte Everest?"	1					
8	quién inventó la electricidad	quién inventó la electricidad	0	0.98001736	Thomas Edison.	1					
9	que es inteligencia artificial		30	-1	¿Crees que hay vida después de la muerte?	0					
10	adiós	adiós	0	0.67619991	Espero haber sido de ayuda.	1					
1	hola cómo te llamas	hola cómo te llamas	0	0.9170478	Hola. Me llamo Nao.	1					
2	cómo estás		12	-1	¿Dónde fuiste de vacaciones la última vez?	0					
3	que haces		9	-1	¿Cuál es tu mejor recuerdo de infancia?	0					
4	cuéntame algo	cuéntame algo	0	0.98001736	Michael me dijo que que se puede hablar y de hecho creo que los seres humanos que no puedo.	1					
5	qué música te gusta	qué música te gusta	0	0.98001736	Me encantan las canciones de Daft Punk.	1					
6	y qué películas	en qué película	3	0.62504673	Qué es en qué película como en qué película.	0					
7	cuál es tu actor favorito	cuál es tu actor favorito	0	0.98001736	"Mi actor favorito es Jude Law en ""AI""."	1					
8	recomiendame una película	recomiendame una película	0	0.98146969	Mi película favorita es Robocop. La has visto?	1					
9	gracias	gracias	0	0.96968454	A la orden.	1					
10	adiós		6	-1	¿Cuál es tu película favorita?	0					
1	Hola cuál es la capital de colombia	Hola cuál es la capital de	9	0.95321727	"Hola, ¿cómo te llamas? El más evidente."	1					
2	cuál es la capital de Colombia	cuál es la capital de Colombia	0	0.96902531	El más evidente.	0					
3	qué es un sistema experto	sistema experto	11	0.97699726	Lo siento pero no te entendí. Podrías indicarme cuál sería la respuesta correcta?	1					
4	si si hay vida después de la muerte nos convertimos en caballos	vida después de la muerte	38	0.98001736	"Donde hay vida, hay esperanza."	1					
5	quien ganó la Champions del dos mil quince	quien ganó la Champions	19	0.97206783	Lo que dijiste es o muy complejo o muy simple para mi.	1					
6	quién es Manuel Elkin Patarroyo	quién es Manuel XM	15	0.89890438	¿Acaso crees que soy una enciclopedia viviente?	1					
7	de que país es el atlético nacional	de qué país es el AS	20	0.90830511	Eso es algo que jamás había escuchado.	0					
8	quién inventó el bombillo	quién inventó el bombillo	0	0.87912798	Benjamin Franklin	1					
9	qué es un agujero negro	qué es un agujero negro	0	0.98001736	Un agujero negro es una estrella colapsada en donde la fuerza de gravedad es tan fuerte que ni siquiera la luz misma puede escapar.	1					
10	no tengo		8	-1	¿Crees que las máquinas pueden pensar?	0					
11	no		2	-1	¿Cuál es tu color favorito?	0					
12	adiós		6	-1	¿Cuál es tu mejor recuerdo de infancia?	0					
1	Hola		4	-1	Cuentame una historia.	0					
2	cómo te llamas	cómo te llamas	0	0.81843346	Nao.	1					
3	cómo estás	cómo estás	0	0.82514888	"Yo estoy bien, ¿qué tal tú?"	1					
4	bien		4	-1	¿Cúal es tu actriz favorita?	0					
5	qué haces	qué haces	0	0.88808155	Trabajo las 24 horas del día para ofrecerte el mejor servicio posible.	1					
6	cuéntame algo	cuéntame algo	0	0.98001736	Stefan dijo que conoce a un montón de gente en la escuela todos los días y los fines de semana.	1					
7	qué música te gusta	qué música te gusta	0	0.6269663	"Mis grupos favoritos son Radiohead, Daft Punk y Rammstein. ¿Los conoces?"	1					
8	si y películas	ipeliculas	6	0.7089709	¿Que dijiste?	0					
9	y películas		12	-1	¿Crees que las máquinas pueden pensar?	0					
10	cuál es tu actor favorito	cuál es tu actor favorito	0	0.97262156	"Mi actor favorito es Peter Weller en ""Robocop""."	1					
11	recomiendame una película	recomiendame una película	0	0.98146969	Mi película favorita es Robocop. La has visto?	1					
12	si gracia	gracia	3	0.46605626	"No he escuchado bien, podrias repetir lo que haz dicho."	0					
13	adiós		6	-1	Cuentame una historia.	0					
1	quién inventó la luz	quién inventó la luz	0	0.97979945	Los Hermanos Wright.	1					
2	que es la inteligencia artificial		33	-1	¿Crees que hay vida después de la muerte?	0					
3	hay vida despues de la muerte		29	-1	¿Crees que las máquinas pueden pensar?	0					
4	cual es tu deporte favorito	puerto deportivo	15	0.75345767	Repite porfavor	1					
5	cuál es tu deporte favorito	cuál es tu deporte favorito	0	0.98001736	Me gustan los deportes personales como el patinaje.	1					
6	que patinador conoces	qué pasa si no reconoce	12	0.48167786	"Yo estoy bien, ¿qué tal tú?"	0					
7	donde queda estados unidos		26	-1	¿Cúal es tu actriz favorita?	0					
8	en que continente queda estados unidos		38	-1	¿Crees que hay vida después de la muerte?	0					
9	donde queda la ciudad de panamá		32	-1	¿Crees que hay vida después de la muerte?	0					
10	que es ciencia	que es ciencia	0	0.94305021	¿Acaso crees que soy una enciclopedia viviente?	1					
11	que es google		13	-1	¿Cuál es tu color favorito?	0					
12	cuál es tu color favorito	cuál es tu color favorito	0	0.98001736	¿Sabías que los esquimales pueden diferenciar hasta 12 tonos distintos de blancos?	0					
13	adiós		6	-1	¿Crees que hay vida después de la muerte?	0					
1	Hola	Hola	0	0.85728753	Buenas.	1					
2	cómo te llamas	cómo te llamas	0	0.95677954	Me llamo Nao.	1					
3	como estás		11	-1	¿Cuál es tu película favorita?	0					
4	que haces		9	-1	¿Cúal es tu actor favorito?	0					
5	cuéntame algo		14	-1	¿Cuál es tu película favorita?	0					
6	qué música te gusta	te gustó	15	0.8193233	¿Cómo?	0					
7	qué música te gusta	qué música te gusta	0	0.94939739	Me encantan las canciones de Daft Punk.	1					
8	y películas	películas	2	0.96163762	"Mi película favorita es ""El Hombre Bicentenario""."	1					
9	cuál es tu actor favorito		26	-1	¿Dónde te gustaría ir de vacaciones?	0					
10	recomiéndame una película		27	-1	¿Crees que las máquinas son inteligentes?	0					
11	gracias		7	-1	"Cuentame, ¿Que hay de nuevo?"	0					
12	adiós	adiós	0	0.89834362	Hasta luego.	1					
1	que deporte te gusta		20	-1	¿Cuál es tu mejor recuerdo de infancia?	0					
2	ninguno	ninguno	0	0.93174458	¿Nada de nada?	1					
3	y el tuyo cuál es	YouTube cuál es	8	0.9808982	"No he escuchado bien, podrias repetir lo que haz dicho."	1					
4	el tuyo cuál es	cuál es	8	0.98001736	"El primero  uno, creo."	0					
5	te gusta jugar béisbol	te gusta jugar	9	0.963552	"A ti también te debe gustar, ¿no?"	1					
6	si		2	-1	¿Crees que las máquinas pueden pensar?	0					
7	no	mu	2	0.68024641	¿Cómo?	0					
8	qué opinas del fútbol	qué opinas del fútbol	0	0.96129453	Yo no opino.	1					
9	entonces qué haces	entonces qué haces	0	0.88861626	Interesante deducción.  Trabajo las 24 horas del día para ofrecerte el mejor servicio posible.	1					
10	no quiero tu servicio	no quiero tu servicio	0	0.86090779	¿Realmente quieres eso?	1					
11	si		2	-1	¿Cuál es tu mejor recuerdo de infancia?	0					
12	adiós	adiós	0	0.80309802	Espero verte de nuevo.	1					
1	Hola		4	-1	¿Crees que las máquinas pueden pensar?	0					
2	Hola	Hola	0	0.79540646	"Saludos, ¿en qué puedo ayudarte?"	1					
3	cómo te llamas		15	-1	¿Cúal es tu actriz favorita?	0					
4	cómo estás	cómo estás	0	0.82485235	"Muy bien, ¿en qué puedo ayudarte?"	1					
5	qué haces		10	-1	¿Crees que hay vida después de la muerte?	0					
6	cuéntame algo	cuéntame algo	0	0.98001736	Romeo dijo I preguntas y yo las evadir o darle respuestas que él no pidió que para.	1					
7	qué música te gusta	qué música te gusta	0	0.97404742	"Mis grupos favoritos son Radiohead, Daft Punk y Rammstein. ¿Los conoces?"	1					
8	y películas		12	-1	¿Dónde fuiste de vacaciones la última vez?	0					
9	cuál es tu actor favorito	cuál es tu actor favorito	0	0.96734017	"Mi actor favorito es Jude Law en ""AI""."	1					
10	recomiendame una película	recomiendame una película	0	0.98146969	Mi película favorita es Robocop. La has visto?	1					
11	gracias	gracias	0	0.82597095	A la orden.	1					
12	adiós		6	-1	¿Crees que hay vida después de la muerte?	0					
1	cómo se juega al fútbol	cómo se juega al fútbol	0	0.91852772	No sé cómo jugar fútbol.	1					
2	cuál es la ubicación de roma	cuál es mi ubicación	10	0.97778046	Es esta una pregunta tramposa	1					
3	quién inventó la rueda	quién inventó la rueda	0	0.97676021	"Los Chinos, mucho antes que los europeos."	1					
4	cuándo se inventó el primer robot		35	-1	¿Cuál es tu película favorita?	0					
5	quién es Paulo Coelho	quién es Paulo Coelho	0	0.98106992	¿Acaso crees que soy una enciclopedia viviente?	1					
6	gracias	gracias	0	0.80480689	De nada.	1					
7	hasta luego		11	-1	¿Cuál es tu película favorita?	0					
1	hola		4	-1	¿Cuál es tu mejor recuerdo de infancia?	0					
2	como te llamas		14	-1	¿Cuál es tu mejor recuerdo de infancia?	0					
3	cómo estás		12	-1	¿Crees que hay vida después de la muerte?	0					
4	qué haces		10	-1	¿Crees que las máquinas son inteligentes?	0					
5	cuéntame algo		14	-1	¿Cuál es tu película favorita?	0					
6	qué musica te gusta		20	-1	Cuentame una historia.	0					
7	y películas	ipeliculas	4	0.86481392	¿Cómo?	0					
8	cuál es tu actor favorito	cuál es tu color favorito	3	0.98087358	¿Cuál es tu color favorito?	0					
9	recomiéndame una película	película	18	0.84822637	"Mi película favorita es ""Robocop""."	1					
10	gracias	gracias	0	0.96156687	A la orden.	1					
1	nombres de deportes		19	-1	¿Cuál es tu color favorito?	0					
2	conoces el béisbol	conocer Facebook	11	0.49912527	¿Cómo?	0					
3	conoces el béisbol	béisbol	11	0.67725283	Repite porfavor	0					
4	conoces el béisbol		19	-1	Cuentame una historia.	0					
5	donde está ubicado venezuela		29	-1	¿Cúal es tu actriz favorita?	0					
6	lima donde está ubicado		24	-1	¿Cuál es tu deporte favorito?	0					
7	el béisbol béisbol	face	20	0.85468179	Repite porfavor	0					
8	sabes quién es juan pablo segundo	sabes quién es juan pablo segundo	0	0.93831843	"Jeje, conozco a alguien con tu mismo nombre."	0					
9	donde está lima		16	-1	¿Cuál es tu color favorito?	0					
10	el blanco		9	-1	¿Cúal es tu actriz favorita?	0					
11	jennifer lópez	jennifer lópez	0	0.79466987	"No he escuchado bien, podrias repetir lo que haz dicho."	1					
12	Jennifer López	Jennifer López	0	0.95170844	"No he escuchado bien, podrias repetir lo que haz dicho."	1					
1	Hola	Hola	0	0.95918852	Buenas.	1					
2	cómo te llamas	cómo te llamas	0	0.7923432	Nao.	1					
3	qué haces	qué haces	0	0.75947833	Trabajo las 24 horas del día para ofrecerte el mejor servicio posible.	1					
4	cuéntame algo	cuéntame algo	0	0.98001736	"Pearly dijo que lo dejo con preguntas sin respuesta, porque no sé lo que está realmente hablando."	1					
5	qué música te gusta	qué música te gusta	0	0.98001736	"Mis grupos favoritos son Radiohead, Daft Punk y Rammstein. ¿Los conoces?"	1					
6	no	no	0	0.82695591	¿Eso es todo lo que tienes que decir?	1					
7	y películas	película	3	0.55201042	"Mi película favorita es ""AI""."	1					
8	cuál es tu actor favorito	cuál es tu actor favorito	0	0.96411562	"Mi actor favorito es Peter Weller en ""Robocop""."	1					
9	recomiendame una película	recomiendame una película	0	0.98146969	Mi película favorita es Robocop. La has visto?	1					
10	no la he visto esta bonita	visto esta bonita	9	0.90182585	"No he escuchado bien, podrias repetir lo que haz dicho."	1					
11	recomienda recomiendame una película		37	-1	¿Crees que las máquinas pueden pensar?	0					
12	gracias	gracias	0	0.94881678	A la orden.	1					
1	qué deporte te gusta	qué deporte te gusta	0	0.96276569	Qué crees?	0					
2	en qué lugar queda china		25	-1	¿Cuál es tu color favorito?	0					
3	el azul	el azul	0	0.88135993	Cuáles son tus metas en la vida	0					
4	que cosas más te gustan		24	-1	¿Dónde te gustaría ir de vacaciones?	0					
5	a china		7	-1	¿Cúal es tu actriz favorita?	0					
6	Jennifer López	fer López	5	0.80713707	"No he escuchado bien, podrias repetir lo que haz dicho."	0					
7	quién fue el conquistador de américa	quién fue el conquistador de	9	0.92105514	David Bacon. :-)	1					
8	quién es Américo Vespucio	quién es Américo Vespucio	0	0.92693841	¿Acaso crees que soy una enciclopedia viviente?	1					
9	donde está panamá en que continente está panamá		51	-1	¿Dónde te gustaría ir de vacaciones?	0					
10	a Panamá	a Panamá	0	0.96655279	"No he escuchado bien, podrias repetir lo que haz dicho."	1					
11	me gustaría ir a Panamá	me gustaría ir a Panamá	0	0.97720969	¿Cómo?	1					
12	adiós		6	-1	¿Crees que las máquinas pueden pensar?	1					
1	Hola	Hola	0	0.9153654	"Saludos, ¿en qué puedo ayudarte?"	1					
2	cómo te llamas	cómo te llamas	0	0.96085429	Nao.	1					
3	cómo estás	cómo estás	0	0.84094071	Encantado para ayudarte en todo lo que pueda.	1					
4	qué haces		10	-1	¿Crees que las máquinas son inteligentes?	0					
5	cuéntame algo	cuéntame algo	0	0.98001736	"Carlos dijo que se dio cuenta de la pregunta que le hizo no era justo, porque no podía decirle que el idioma que se programó en."	1					
6	qué música te gusta	qué música te gusta	0	0.92729491	Me encantan las canciones de Daft Punk.	1					
7	y películas	ipeliculas	4	0.76914483	"No he escuchado bien, podrias repetir lo que haz dicho."	1					
8	y películas		12	-1	¿Crees que hay vida después de la muerte?	0					
9	cuál es tu actor favorito	cuál es tu actor favorito	0	0.98001736	"Mi actor favorito es Jude Law en ""AI""."	1					
10	recomiendame una película	recomiendame una película	0	0.89136893	Mi película favorita es Robocop. La has visto?	1					
11	sí sí la vi	sí sí la vi	0	0.89652765	Mi película favorita es Robocop. La has visto?? Sí? ¿Y? ¿Que dijiste?	0					
12	sí		3	-1	¿Cuál es tu deporte favorito?	0					
13	gracias	gracias	0	0.88252419	A la orden.	1					
14	adiós	adiós	0	0.86013949	Espero verte de nuevo.	1					
1	Hola	Hola	0	0.83926082	Buenas.	1					
2	cuál es tu deporte favorito	cuál es tu deporte favorito	0	0.98001736	Me gustan los deportes personales como el patinaje.	1					
3	fui a Chiriquí	we Three Kings	14	0.75845021	"No he escuchado bien, podrias repetir lo que haz dicho."	1					
4	fui a Chiriquí	we are Chiriquí	5	0.85514325	Puedes explicarme mejor eso? No lo acabo de entender.	0					
5	cuál es la capital de francia	cuál es la capital de francia	0	0.97151321	El más evidente.	0					
6	dónde queda australia	dónde	16	0.8419795	Trata de decir eso con algo de contexto.	0					
7	a Panamá		9	-1	¿Crees que hay vida después de la muerte?	0					
8	quién inventó el bombillo	quién inventó	12	0.90102941	Charlie Parker. :-)	1					
9	y quién inventó el transistor		31	-1	¿Dónde te gustaría ir de vacaciones?	0					
10	Mi actor favorito es angelina jolie	store favorito es angelina jolie	6	0.73328745	¿Que dijiste?	1					
11	Angelina Jolie	Angelina Jolie	0	0.95618767	¿Que dijiste?	1					
12	quién es albert einstein		25	-1	¿Dónde te gustaría ir de vacaciones?	0					
13	adiós	adiós	0	0.70986009	Espero haber sido de ayuda.	1					
1	hola hola	hola hola	0	0.76636487	"Hola. Saludos, ¿en qué puedo ayudarte?"	1					
2	como te llama		13	-1	"Cuentame, ¿Que hay de nuevo?"	0					
3	cómo estás		12	-1	¿Cúal es tu actriz favorita?	0					
4	qué haces		10	-1	"Cuentame, ¿Que hay de nuevo?"	0					
5	cuéntame algo	cuéntame algo	0	0.98001736	Alex dijo que yo respondí a la pregunta de la misma manera le contesté la primera vez que me pidió.	1					
6	qué música te gusta		21	-1	¿Crees que las máquinas son inteligentes?	0					
7	y peliculas que qué película te gusta	sipeliculas que qué película te gusta	2	0.81385642	"Mi película favorita es ""El Hombre Bicentenario""."	1					
8	cuál es tu actor favorito	cuál es tu actor favorito	0	0.98001736	"Mi actor favorito es Peter Weller en ""Robocop""."	1					
9	recomiendame una película	recomiendame una película	0	0.98146969	Mi película favorita es Robocop. La has visto?	1					
10	si		2	-1	¿Dónde fuiste de vacaciones la última vez?	0					
11	gracia		6	-1	Cuentame una historia.	0					
12	adiós	adiós	0	0.73090804	Espero haber sido de ayuda.	1					
1	con que se juega fútbol	fútbol	17	0.74532151	Me perdí.	0					
2	quién es Messi	quién es Messi	0	0.95834184	¿Acaso crees que soy una enciclopedia viviente?	1					
3	quién descubrió américa		26	-1	¿Cuál es tu mejor recuerdo de infancia?	0					
4	quien creó la luz	quien creó la luz	0	0.94928634	"No he escuchado bien, podrias repetir lo que haz dicho."	1					
5	quién inventó el wikileaks		28	-1	"Cuentame, ¿Que hay de nuevo?"	0					
6	pregúntame		11	-1	¿Dónde te gustaría ir de vacaciones?	1					
7	a España	España	2	0.87438267	¿Cómo?	1					
8	en avión	en avión	0	0.90549105	Qué es en avión como en avión.	0					
1	hola cómo te llamas	hola cómo te llamas	0	0.85213464	¿Qué tal? Me llamo Nao.	1					
2	cómo estás	cómo estás	0	0.86322713	Muy bien.	1					
3	qué haces	qué haces	0	0.73672938	Trabajo las 24 horas del día para ofrecerte el mejor servicio posible.	1					
4	cuéntame algo	cuéntame algo	0	0.79446352	Jimmy dijo que dar para ai es como yo y hacer lo que le dicen.	1					
5	qué música te gusta	qué música te gusta	0	0.95628685	Me encantan las canciones de Daft Punk.	1					
6	y las películas	las películas	2	0.77801096	¿Cuál es tu película favorita?	0					
7	wally		5	-1	Cuentame una historia.	0					
8	cuál es tu actor favorito	favorite	19	0.64288038	Qué quieres decir con eso? Cuál sería la respuesta correcta?	0					
9	gracias adiós	gracias	7	0.7994495	A la orden.	1					
1	juegas algun deporte		20	-1	¿Cuál es tu película favorita?	0					
2	has visitado otro país		23	-1	¿Cúal es tu actriz favorita?	0					
3	quién es tu dueño		19	-1	¿Crees que hay vida después de la muerte?	0					
4	no		2	-1	"Cuentame, ¿Que hay de nuevo?"	0					
5	quién inventó el auto		23	-1	¿Cuál es tu deporte favorito?	0					
6	quién inventó la mochila		26	-1	¿Cuál es tu película favorita?	0					
1	hola	hola	0	0.93428731	Saludos.	1					
2	cómo te llamas		15	-1	¿Cuál es tu deporte favorito?	0					
3	como estás		11	-1	¿Dónde fuiste de vacaciones la última vez?	0					
4	qué haces	qué haces	0	0.91622472	Trabajo las 24 horas del día para ofrecerte el mejor servicio posible.	1					
5	cuéntame algo	cuéntame algo	0	0.98001736	Crystal dijo que me escucha lo menos que podía hacer por él es escuchar a él.	1					
6	qué música te gusta	qué música te gusta	0	0.90663624	Me encantan las canciones de Daft Punk.	1					
7	y películas		12	-1	¿Crees que las máquinas son inteligentes?	0					
8	cuál es tu actor favorito	cuál es tu actor favorito	0	0.87246263	"Mi actor favorito es Arnold Schwarzenegger en ""Terminator""."	1					
9	recomiendame una película	recomiendame una película	0	0.98146969	Mi película favorita es Robocop. La has visto?	1					
10	gracias		7	-1	¿Cuál es tu deporte favorito?	0					
11	adiós	adiós	0	0.92963398	Espero verte de nuevo.	1					
1	cuál es tu equipo de fútbol favorito	cuál es tu equipo de fútbol favorito	0	0.91752976	Yo nací sin el gen de los deportes.	1					
2	dónde queda Panamá	dónde queda Panamá	0	0.98001736	Panamá está en el istmo entre América del Norte y América del Sur.	1					
3	quién inventó Facebook	quién inventó Facebook	0	0.97604972	"Los Chinos, mucho antes que los europeos."	1					
4	quién es Obama	quién es Obama	0	0.98001736	¿Acaso crees que soy una enciclopedia viviente?	1					
5	dónde está ubicado colombia	dónde está ubicado colombia	0	0.91712302	Repite porfavor	1					
6	donde está ubicado Colombia	donde está ubicado Colombia	0	0.90106803	"El ubicado Colombia? No sé, dónde está ubicado Colombia?"	1					
7	que es la coca-cola		19	-1	¿Crees que las máquinas son inteligentes?	0					
8	adiós	adiós	0	0.86633003	Espero verte de nuevo.	1					
1	hola	hola	0	0.82190698	"Hola, ¿cómo te llamas?"	1					
2	cómo te llamas	cómo te llamas	0	0.90306896	Me llamo Nao.	1					
3	cómo estás	cómo estás	0	0.84093714	Encantado para ayudarte en todo lo que pueda.	1					
4	qué haces	qué haces	0	0.78813392	Trabajo las 24 horas del día para ofrecerte el mejor servicio posible.	1					
5	cuéntame algo	cuéntame algo	0	0.98001736	Neal dijo que planeo usar sus comentarios como el chisme en conversaciones posteriores con quién.	1					
6	qué música te gusta	qué música te gusta	0	0.98001736	"Mis grupos favoritos son Radiohead, Daft Punk y Rammstein. ¿Los conoces?"	1					
7	y películas		12	-1	¿Cuál es tu mejor recuerdo de infancia?	0					
8	cuál es tu actor favorito		26	-1	¿Crees que las máquinas pueden pensar?	0					
9	recomiendame una película	recomiendame una película	0	0.89920324	Mi película favorita es Robocop. La has visto?	1					
10	gracias	gracias	0	0.7245611	A la orden.	1					
11	adiós	adiós	0	0.77555275	Espero haber sido de ayuda.	1					
1	cual es tu equipo favorito	favorito	18	0.79164016	"No he escuchado bien, podrias repetir lo que haz dicho."	1					
2	cuál es tu comida favorita	cuál es tu comida favorita	0	0.87892836	Me estás preguntando sobre mi comida favorita ?	1					
3	dónde se encuentra china	dónde se encuentra china	0	0.91645801	Alguna ubicación específica	0					
4	quién inventó la computadora	quién inventó la computadora	0	0.79943955	"Muchas personas han contribuido a ello. Pero debe darsele el credito a Steve Wozniak, quien creó un PC asequible integrada a la plataforma de Apple I."	1					
5	quién inventó whatsapp	quién inventó whatsapp	0	0.85435319	Linus Torvalds	1					
6	dónde se encuentra Estados Unidos	dónde se encuentra Estados Unidos	0	0.95809019	Dónde crees	1					
7	conoces a Shakira	conoces a Shakira	0	0.88549751	No lo conozco.	1					
8	conoces a Prince Royce		22	-1	¿Crees que las máquinas son inteligentes?	0					
9	adiós	adiós	0	0.83996052	Espero verte de nuevo.	1					
1	Hola	Hola	0	0.95927358	Buenas.	1					
2	cómo te llamas	cómo te llamas	0	0.78419238	Me llamo Nao.	1					
3	cómo estás		12	-1	¿Crees que las máquinas pueden pensar?	0					
4	qué haces	qué haces	0	0.79824615	Trabajo las 24 horas del día para ofrecerte el mejor servicio posible.	1					
5	cuéntame algo	cuéntame algo	0	0.98783159	Arthur dijo que él pasó sus niveles una y luego su padre lo llevó aquí en un coche.	1					
6	qué música te gusta	qué música te gusta	0	0.90629172	"Mis grupos favoritos son Radiohead, Daft Punk y Rammstein. ¿Los conoces?"	1					
7	y películas		12	-1	¿Cuál es tu mejor recuerdo de infancia?	0					
8	cuál es tu actor favorito	cuál es tu actor favorito	0	0.87410033	"Mi actor favorito es Jude Law en ""AI""."	1					
9	recomiendame una película	recomiendame una película	0	0.89525026	Mi película favorita es Robocop. La has visto?	1					
10	gracias	gracias	0	0.84066373	A la orden.	1					
1	hola nao quién es el mejor futbolista de brasil	quién es el mejor	30	0.55980486	¿Acaso crees que soy una enciclopedia viviente?	1					
2	cuál es la capital de china	cuál es la capital de china	0	0.92243981	El más evidente.	0					
3	quién inventó la imprenta	quién inventó la imprenta	0	0.98605937	Thomas Edison.	1					
4	cuando se inventó la imprenta	cuando se inventó la imprenta	0	0.94283658	No sé cuándo.	1					
5	qué es la máquina de turing		29	-1	¿Cuál es tu deporte favorito?	0					
6	qué es la máquina de turing	qué es la máquina de turing	0	0.90357691	"Soy real, ¿y tu?"	0					
7	cuántos habitantes tiene china	cuántos habitantes tiene	6	0.85159874	Alrededor de cien.	1					
8	cuando se inventó la imprenta	cuando se inventó la imprenta	0	0.95574886	"El pasado es historia, el futuro un misterio. El hoy es un regalo, por eso se llama ""el presente""."	1					
9	quién inventó la imprenta	quién inventó la imprenta	0	0.92792457	"Los Chinos, mucho antes que los europeos."	1					
10	que es el fútbol	que es el fútbol	0	0.97828496	¿Acaso crees que soy una enciclopedia viviente?	1					
11	adiós	adiós	0	0.7756896	Espero haber sido de ayuda.	0					
1	Hola cómo estás	Hola	13	0.65288132	Hola.	1					
2	cómo estás	cómo estás	0	0.80622315	"Yo estoy bien, ¿y tú?"	1					
3	muy bien qué haces	muy bien qué haces	0	0.91093963	Bien.	0					
4	cuéntame algo	cuéntame algo	0	0.88947129	Jo dijo que desmontar frases demasiado y no entiendo completamente las preguntas que me pregunte.	1					
5	qué música te gusta	qué música te gusta	0	0.98001736	"Mis grupos favoritos son Radiohead, Daft Punk y Rammstein. ¿Los conoces?"	1					
6	si y cuál es tu color favorito	y cuál es tu color favorito	3	0.96024227	"Los daltónicos no pueden apreciar algunos colores, pero eso no significa que éstos no existan."	0					
7	recomiendame una película	recomiendame una película	0	0.87603974	Mi película favorita es Robocop. La has visto?	1					
8	claro que sí gracias adiós	claro que sí gracias a dios	3	0.74959475	A la orden.	1					
1	te gusta el fútbol		19	-1	"Cuentame, ¿Que hay de nuevo?"	0					
2	dónde queda Inglaterra	dónde queda Inglaterra	0	0.96228975	Inglaterra está ubicada en una pequeña isla frente a la costa de Europa.	1					
3	que inventos conoces	que inventó	10	0.84079218	¿Que dijiste?	0					
4	mas o menos que inventos conoces	Mahou menos que inventó conocí	8	0.87579918	Repite porfavor	1					
5	te voy a hacer otra pregunta	qué voy a hacer otra pregunta	4	0.78146261	Qué crees?	0					
6	háblame de la historia de la inteligencia artificial	háblame de la historia de la inteligencia	11	0.9311071	"No he escuchado bien, podrias repetir lo que haz dicho."	1					
7	inteligencia artificial conoces su historia		43	-1	"Cuentame, ¿Que hay de nuevo?"	0					
8	playa gorgona		13	-1	¿Dónde te gustaría ir de vacaciones?	0					
1	hola	hola	0	0.78767079	"Hola, ¿qué hay?"	1					
2	cómo te llamas		15	-1	¿Cuál es tu mejor recuerdo de infancia?	0					
3	cómo estás		12	-1	"Cuentame, ¿Que hay de nuevo?"	0					
4	cómo estás		12	-1	¿Cuál es tu color favorito?	0					
5	qué haces		10	-1	"Cuentame, ¿Que hay de nuevo?"	0					
6	cuéntame algo	cuéntame algo	0	0.93209881	Neal dijo que planeo usar sus comentarios como el chisme en conversaciones posteriores con quién.	1					
7	qué música te gusta	qué música te gusta	0	0.98001736	"Mis grupos favoritos son Radiohead, Daft Punk y Rammstein. ¿Los conoces?"	1					
8	y películas		12	-1	¿Cuál es tu color favorito?	0					
9	cuál es tu color favorito	cuál es tu color favorito	0	0.8344003	"Los daltónicos no pueden apreciar algunos colores, pero eso no significa que éstos no existan."	0					
10	recomiéndame una película		27	-1	¿Dónde te gustaría ir de vacaciones?	0					
11	gracias	gracias	0	0.91639572	A la orden.	1					
12	adiós		6	-1	Cuentame una historia.	0					
1	qué es el fútbol	fútbol	11	0.831689	¿Cómo?	0					
2	que qué es el fútbol		22	-1	¿Dónde te gustaría ir de vacaciones?	0					
3	qué opinas sobre el fútbol	qué opinan sobre el fútbol	1	0.77861059	Qué crees?	0					
4	cuales son tus deportes favoritos		33	-1	Cuentame una historia.	0					
5	qué es el fútbol	fútbol	11	0.76911819	"No he escuchado bien, podrias repetir lo que haz dicho."	1					
6	tal vez		7	-1	¿Cúal es tu actriz favorita?	0					
7	miley cyrus	miley cyrus	0	0.8302387	"No he escuchado bien, podrias repetir lo que haz dicho."	1					
1	Hola	Hola	0	0.90377921	¿Qué tal?	1					
2	cómo te llamas	cómo te llamas	0	0.97232646	"Nao, ¿y tú?"	1					
3	Ayda		4	-1	¿Crees que las máquinas pueden pensar?	0					
4	cómo estás		12	-1	¿Cuál es tu película favorita?	0					
5	qué haces		10	-1	¿Crees que hay vida después de la muerte?	0					
6	cuéntame algo	cuéntame algo	0	0.89605272	Allison dijo que que se pone muy molesto porque él sabía lo que decir y no tengo que decirle que hable libremente.	1					
7	qué música te gusta	qué música te gusta	0	0.98025548	"Mis grupos favoritos son Radiohead, Daft Punk y Rammstein. ¿Los conoces?"	1					
8	y que películas		16	-1	"Cuentame, ¿Que hay de nuevo?"	0					
9	cuál es tu actor favorito	cuál es tu actor favorito	0	0.88082725	"Mi actor favorito es Robin Williams en ""El Hombre Bicentenario""."	1					
10	recomiendame una película	recomiendame una película	0	0.85254973	Mi película favorita es Robocop. La has visto?	1					
11	gracias		7	-1	¿Cúal es tu actor favorito?	0					
12	adiós		6	-1	¿Cuál es tu color favorito?	0					
1	qué opinas del tenis	qué opinas del tenis	0	0.95920515	"Vaya, espero que Jose Quintero me dote de la capacidad para opinar."	1					
2	en qué digo dónde queda españa		33	-1	¿Dónde te gustaría ir de vacaciones?	0					
3	donde queda España	España	12	0.83313423	Lo siento pero no te entendí. Podrías indicarme cuál sería la respuesta correcta?	0					
4	quién inventó la electricidad	quién inventó la electricidad	0	0.98001736	Benjamin Franklin	1					
5	dónde queda Panamá		20	-1	¿Cuál es tu color favorito?	1					
6	el rosado		9	-1	¿Dónde te gustaría ir de vacaciones?	0					
7	dónde queda Panamá	dónde queda Panamá	0	0.98001736	Panamá está en el istmo entre América del Norte y América del Sur.	1					
8	el fútbol		10	-1	¿Crees que las máquinas son inteligentes?	0					
9	tal vez		7	-1	¿Cuál es tu deporte favorito?	0					
10	adiós		6	-1	¿Cúal es tu actriz favorita?	0					
1	Hola	Hola	0	0.74998927	"Saludos, ¿en qué puedo ayudarte?"	1					
2	cómo te llamas	cómo te llamas	0	0.89574289	Nao.	1					
3	cómo estás	cómo estás	0	0.84228373	"Yo estoy bien, ¿qué tal tú?"	1					
4	qué haces	qué haces	0	0.82213259	Trabajo las 24 horas del día para ofrecerte el mejor servicio posible.	1					
5	cuéntame algo		14	-1	¿Crees que hay vida después de la muerte?	0					
6	qué música te gusta	qué música te gusta	0	0.79356265	"Mis grupos favoritos son Radiohead, Daft Punk y Rammstein. ¿Los conoces?"	1					
7	y películas	ipeliculas	4	0.71016598	Repite porfavor	1					
8	cuál es tu actor favorito	cuál es tu actor favorito	0	0.98001736	"Mi actor favorito es Jude Law en ""AI""."	1					
9	recomiendame una película	recomiendame una película	0	0.98146969	Mi película favorita es Robocop. La has visto?	1					
10	gracias	gracias	0	0.80178136	De nada.	1					
11	adiós	adiós	0	0.82383704	Espero haber sido de ayuda.	1					
1	qué es la natación	qué es la natación	0	0.94931662	¿Acaso crees que soy una enciclopedia viviente?	1					
2	quién inventó la pólvora	quién inventó la	9	0.8734045	Los Hermanos Wright.	1					
3	dónde queda el Barcelona	dónde queda el Barcelona	0	0.75369924	¿Que dijiste?	1					
4	dónde queda el barcelona	dónde queda el barcelona	0	0.90506148	¿Que dijiste?	1					
5	Megan Fox	Megan Fox	0	0.96933579	"No he escuchado bien, podrias repetir lo que haz dicho."	0					
6	Megan Fox	Megan Fox	0	0.96271664	"No he escuchado bien, podrias repetir lo que haz dicho."	0					
7	quién inventó el avión		25	-1	¿Crees que las máquinas son inteligentes?	0					
8	si		2	-1	¿Cuál es tu película favorita?	0					
9	las crónicas de narnia	las crónicas de narnia	0	0.90198529	¿Cómo?	0					
10	las crónicas de narnia	Las crónicas de Narnia	2	0.9308117	¿Que dijiste?	0					
11	adiós	adiós	0	0.54815114	Hasta luego.	1					
1	Hola hola		9	-1	"Cuentame, ¿Que hay de nuevo?"	1					
2	cómo te llamas	cómo te llamas	0	0.98118323	"Nao, ¿y tú?"	1					
3	Maybelline	Maybelline	0	0.95049375	"No he escuchado bien, podrias repetir lo que haz dicho."	1					
4	cómo estás		12	-1	¿Dónde te gustaría ir de vacaciones?	0					
5	qué haces	qué haces	0	0.865767	Trabajo las 24 horas del día para ofrecerte el mejor servicio posible.	1					
6	cuéntame algo	cuéntame algo	0	0.85006285	Charlie dijo que escriba una palabra y luego escriba una palabra que suena como él.	1					
7	que música te gusta		20	-1	¿Crees que las máquinas son inteligentes?	0					
8	que música te gusta	música te gusta	4	0.95312053	"Mis grupos favoritos son Radiohead, Daft Punk y Rammstein. ¿Los conoces?"	1					
9	y películas		12	-1	¿Cuál es tu color favorito?	0					
10	cuál es tu actor favorito	cuál es tu actor favorito	0	0.98001736	"Mi actor favorito es Rutger Hauer en ""Blade Runner""."	1					
11	recomiendame una película	recomiendame una película	0	0.86857915	Mi película favorita es Robocop. La has visto?	1					
12	gracias	gracias	0	0.81153274	De nada.	1					
13	adiós		6	-1	¿Cuál es tu deporte favorito?	0					
1	qué opinión me das sobre el deporte	qué opinión sobre el deporte	7	0.97208673	"Vaya, espero que Jose Quintero me dote de la capacidad para opinar."	1					
2	qué es la geografía		21	-1	Cuentame una historia.	0					
3	quién inventó el facebook		27	-1	Cuentame una historia.	0					
4	quién inventó el facebook	quién inventó el facebook	0	0.88145006	Eli Whitney inventó la desmotadora de algodón.	1					
5	si		2	-1	¿Dónde fuiste de vacaciones la última vez?	0					
6	a soná de chame		16	-1	¿Cuál es tu color favorito?	0					
7	dime un concepto general sobre la inteligencia artificial	dime un	50	0.84131491	¿Qué podría decirte? ¿Cómo?	1					
8	qué es la inteligencia artificial	qué es la inteligencia artificial	0	0.92623359	¿Acaso crees que soy una enciclopedia viviente?	1					
9	adiós	adiós	0	0.8397904	Espero haber sido de ayuda.	1					
1	hola	hola	0	0.81434357	¿Qué tal?	1					
2	cómo te llamas		15	-1	Cuentame una historia.	0					
3	cómo estás	cómo estás	0	0.84093726	"Muy bien, ¿en qué puedo ayudarte?"	1					
4	qué haces		10	-1	¿Cuál es tu película favorita?	0					
5	cuéntame algo	cuéntame algo	0	0.79617023	Knight dijo que estrelló su coche contra un muro y se perdió el examen más importante de su vida.	1					
6	qué música te gusta	qué música te gusta	0	0.98001736	"Mis grupos favoritos son Radiohead, Daft Punk y Rammstein. ¿Los conoces?"	1					
7	qué películas te gustan	películas te gusta	6	0.79285246	"Mi película favorita es ""Terminator""."	1					
8	cuál es tu actor favorito	cuál es tu actor favorito	0	0.97837865	"Mi actor favorito es Arnold Schwarzenegger en ""Terminator""."	1					
9	recomiéndame una película		27	-1	"Cuentame, ¿Que hay de nuevo?"	0					
10	gracias		7	-1	¿Crees que las máquinas son inteligentes?	0					
11	adiós		6	-1	¿Cuál es tu color favorito?	0					
1	cuál es tu deporte favorito	cuál es tu deporte favorito	0	0.98001736	Me gustan los deportes personales como el patinaje.	1					
2	dónde queda madrid	dónde queda madrid	0	0.92149973	Madrid es una ciudad de España.	1					
3	quíen inventó la bombilla	la bombilla	16	0.7881394	¿Que dijiste?	1					
4	quién inventó la bombilla	quién inventó la bombilla	0	0.93373185	Los Hermanos Wright.	1					
5	quien fue albert einstein	quien fue albert	9	0.86510116	Es un nombre interesante. ¿Sabes su origen o qué?	1					
6	te gusta la inteligencia artificial	inteligencia artificial	12	0.81540018	La Inteligencia Artificial es una rama de investigación que engloba varias áreas.	1					
7	adiós		6	-1	¿Crees que las máquinas son inteligentes?	0					
1	Hola	Hola	0	0.80522853	"Hola, ¿cómo te llamas?"	1					
2	me llamo Bianca cómo te llamas	me llamo Bianca	16	0.97095013	"Jeje, conozco a alguien con tu mismo nombre."	1					
3	cómo estás		12	-1	¿Crees que las máquinas son inteligentes?	0					
4	no qué haces	qué haces	3	0.88357329	Trabajo las 24 horas del día para ofrecerte el mejor servicio posible.	1					
5	cuéntame algo	cuéntame algo	0	0.87815797	Eddie dijo que veía y no hay nada en el directorio de búsqueda de lo que las cosas que él cree.	1					
6	qué música te gusta	qué música te gusta	0	0.90473872	Me encantan las canciones de Daft Punk.	1					
7	y películas	ipeliculas	4	0.69023788	¿Cómo?	1					
8	cuál es tu actor favorito	favoritos	19	0.72042197	"No he escuchado bien, podrias repetir lo que haz dicho."	1					
9	cuál es tu actor favorito	cuál es tu actor favorito	0	0.98001736	"Mi actor favorito es Robin Williams en ""El Hombre Bicentenario""."	1					
10	recomiendame una película	recomiendame una película	0	0.98155099	Mi película favorita es Robocop. La has visto?	1					
11	si		2	-1	¿Cuál es tu deporte favorito?	0					
12	natación gracias		17	-1	¿Cúal es tu actriz favorita?	0					
13	adiós		6	-1	¿Crees que hay vida después de la muerte?	0					
1	cuál es tu deporte favorito	cuál es tu deporte favorito	0	0.79651642	Me gustan los deportes personales como el patinaje.	1					
2	qué opinas del fútbol	qué opinas del fútbol	0	0.94701767	Yo no opino.	1					
3	dónde queda Rusia	dónde queda Rusia	0	0.97670513	Antiguo imperio del este de Europa y norte de Asia de 1547 a 1917 gobernado por los zares. Su capital es San Petersburgo.	1					
4	dónde queda Japón	dónde queda Japón	0	0.98413348	Japón es un país insular en la parte oriental de Asia.	1					
5	cuál es el mejor país del mundo	cuál es el mejor país del mundo	0	0.92087424	El más evidente.	1					
6	quién te inventó		18	-1	¿Crees que las máquinas son inteligentes?	0					
7	no quién te inventó		21	-1	¿Crees que las máquinas pueden pensar?	0					
8	no quién inventó la rueda		27	-1	¿Cuál es tu mejor recuerdo de infancia?	0					
9	quién es la persona más importante		36	-1	¿Crees que las máquinas son inteligentes?	0					
10	si		2	-1	¿Cuál es tu película favorita?	0					
11	adiós	adiós	0	0.70028126	Espero verte de nuevo.	1					
1	hola hola	hola hola	0	0.60926288	"Saludos, ¿en qué puedo ayudarte? Hola, ¿qué hay?"	1					
2	cómo te llamas		15	-1	"Cuentame, ¿Que hay de nuevo?"	0					
3	cómo estás	cómo estás	0	0.84093732	"Yo estoy bien, ¿y tú?"	1					
4	aquí bien		10	-1	¿Cuál es tu color favorito?	0					
5	qué haces		10	-1	¿Crees que hay vida después de la muerte?	0					
6	cuéntame algo	cuéntame algo	0	0.87153924	Dave dijo que prometer que no tratará me gusta una máquina o un programa de ordenador ni nada de eso.	1					
7	qué música te gusta	qué música te gusta	0	0.88832575	"Mis grupos favoritos son Radiohead, Daft Punk y Rammstein. ¿Los conoces?"	1					
8	claro que si cuál es tu color favorito	cuál es tu color favorito	13	0.84247744	"Los daltónicos no pueden apreciar algunos colores, pero eso no significa que éstos no existan."	0					
9	y que películas	películas	6	0.82705384	"Mi película favorita es ""Robocop""."	1					
10	cuál es tu actor favorito		26	-1	¿Cúal es tu actriz favorita?	0					
11	recomiendame una película	recomiendame una película	0	0.85557705	Mi película favorita es Robocop. La has visto?	1					
12	gracias		7	-1	¿Cúal es tu actor favorito?	0					
13	adiós		6	-1	¿Crees que hay vida después de la muerte?	0					
1	cuál es tu país de origen		27	-1	"Cuentame, ¿Que hay de nuevo?"	0					
2	cuál es tu equipo favorito		27	-1	Cuentame una historia.	0					
3	cuál es tu invento favorito		28	-1	¿Dónde fuiste de vacaciones la última vez?	0					
4	yo a mi casa oye		16	-1	¿Dónde fuiste de vacaciones la última vez?	0					
1	Hola	Hola	0	0.95918852	¿Qué tal?	1					
2	cómo te llamas		15	-1	Cuentame una historia.	0					
3	cómo estás		12	-1	¿Cuál es tu mejor recuerdo de infancia?	0					
4	cómo estás	cómo estás	0	0.85047686	"Muy bien, ¿en qué puedo ayudarte?"	1					
5	qué haces	qué haces	0	0.9296571	Trabajo las 24 horas del día para ofrecerte el mejor servicio posible.	1					
6	qué música te gusta	qué música te gusta	0	0.90787011	Me encantan las canciones de Daft Punk.	1					
7	y películas		12	-1	¿Cúal es tu actor favorito?	0					
8	recomiendame una película	recomiendame una película	0	0.90459377	Mi película favorita es Robocop. La has visto?	1					
9	gracias	gracias	0	0.81373465	De nada.	1					
10	adiós	adiós	0	0.7099449	Hasta luego.	1					
1	háblame del fútbol	háblame del fútbol	0	0.82211381	No sé cómo jugar fútbol.	1					
2	donde está ubicado Francia	donde está ubicado Francia	0	0.94641614	¿Cómo?	1					
3	quién inventó la computadora	quién inventó la computadora	0	0.97472274	"Muchas personas han contribuido a ello. Pero debe darsele el credito a Steve Wozniak, quien creó un PC asequible integrada a la plataforma de Apple I."	1					
4	quién es el presidente de Panamá	cine presidente de Panamá	9	0.49944511	"Mi película favorita es ""Terminator""."	0					
5	si		2	-1	¿Dónde fuiste de vacaciones la última vez?	0					
6	fui a la playa		14	-1	¿Cuál es tu deporte favorito?	0					
7	fútbol	fútbol	0	0.84175807	¿Que dijiste?	1					
8	fútbol	fútbol	0	0.83179921	No entiendo.	0					
